phonetic;grammatical;derivational;lexical
одежа;накладь;суховый;куток
стау;подема;словать;кошенина
родицца;вынесема;преболтать;хлифцик
называйецть;укрепат;подклет;ленчик
полезеш;сугриваит;кухонновый;сятта
еш;рассказыв;подлошцик;процюхариться
разресовать;вчарася;крылечушко;сыпец
трупка;седень;как-нимабыть;подовиница
угород;передема;пологоватка;авнида
повить;смелеша;прирубайец;маета
быу;намелеша;мучичка;курный
пирок;верхна;куретник;хибарка
называица;спичын;кислушник;хата
яцменной;улеч;побечь;девка
крыльчо;стадов;халупочка;дросвоить
ешшо;складь;толстокоренник;сменелисить
роспределеный;пош;заташнуть;колоб
оддыхали;бывата;халупка;кожук
ити;камене;сейгод;мусница
звоз;нонеча;подоконье;осинесь
мычча;уехавши;мучница;катоник
збиться;вскипемши;удворина;осекать
неровнойо;одеть;зодоска;мусинк
дваццать;утрось;чулашковы;мутовка
замуш;боркима;подклетие;корунка
ешчо;некогды;настропать;пощый
улець;нать;хлевый;луткий
опеть;хошь;завыясневеть;курень
отгорожоно;розна;узенек;хорома
йим;надоть;хлевин;семенец
йек;буде;лешобный;кутний
жыву;польта;скласться;мужик
слову;вовсюда;утолока;шостень
огородя;полоскаит;подмостье;леженя
косьти;когды;огородец;чойпан
спустися;застать;подопечечь;кут
постройот;буточка;мученочка;сниснуть
хлеви;двоежирной;закутка;охлупь
одевайс;двоетажной;крошонина;хливить
лисничий;крайной;одорожыть;цевый
минь;обшитой;обряжаться;галанка
эво;шитой;подовийник;закроемь
поскакиват;крашеной;кровата;шшитовка
мина;утресь;заклать;цопан
охотицца;привезе;доильнуть;баточить
ещщый;дошочка;погодушка;жарот
йеттить;кадця;неходелый;салодашка
усатьба;полица;улка;конек
ныня;тамотке;моркошка;исподной
вершын;мизень;дельник;шесток
спусьтись;четырехстенок;подмостие;лисьвица
привезаться;небольша;апрелька;хомутыт
постафь;маленька;подоконье;халупа
посушыть;выстыне;крыльчить;стог
ево;одне;подоковинья;передызье
верьха;сватушко;курья;отхлупник
зашоу;занимамсе;приусадьбный;лежень
выйдеш;узенька;подовинник;чупак
выташат;коробейка;подлавок;камница
лесьть;вехоток;сварнуть;летник
типерь;выдоиши;лавица;матница
ешо;поставиши;потпечье;куфенок
пагожий;закласть;усадьбишка;охлупенить
поеш;угара;подокошоцье;насема
обходица;кабыть;потапкать;сумет
приходитцэ;запреват;улить;чопанчик
зовеца;пашошь;лавици;кожух
шифирина;припашошь;тесовенький;грузлеть
бутто;парево;подлавица;чело
ищщый;котко;сронить;хоромина
помешшык;тутотка;подовинья;лопать
пошол;завсе;хлевец;охлупнуть
называйцца;угарно;лисьменка;ремки
подение;овалится;нутрина;корунок
перенке;паханой;потклет;подоушко
пишшить;приде;уделат;мурлата
хрыльцо;ложить;назем;поветь
называйуть;котеек;укрепа;конок
собираеша;котанко;мусенка;чило
спускаец;сижа;муснич;губница
печький;поляца;мучнивать;рошка
йесить;горя;муцонка;куть
подлешык;кацюля;мусонка;субанка
сыройег;обтесен;мушница;гумно
йий;держана;муцна;голанка
ева;качелясь;мусенок;баба
стоель;пристрой;мусной;кут
приташшыл;урожайной;мусница;мучнец
ползаш;картовна;мусенок;куренек
кузьнец;картовь;мучонок;курна
называец;вымать;мусный;подмостро
заберошс;отворям;мусенка;тес
зафтр;жареха;мучин;мушницька
сйехать;ночевав;муценка;курня
топера;ззаду;мусник;муцк
жыть;наклал;гуска;баской
брякат;коневьи;певень;усадьба
захош;свекрова;телок;псышна
лижанк;вместях;земляница;казематка
играт;сдануть;насписник;бисня
первать;тепляя;наблюдник;курная
робота;утенет;лопотистый;морох
раньша;складено;лопотина;гумно
йешшо;молотилыма;лопотье;тресь
затопиу;работам;надетка;кошель
бельо;жеродцькима;нарядина;хотной
называйецца;заворницима;нарядка;новична
нать;заганивают;оболокать;гувно
стойим;студоко;одевка;кицига
оцень;кажинный;одеванье;жамки
передоцек;правяе;одеждишка;гарбуз
закрывайеца;забирамсе;одежина;голицы
пецка;оттуль;обряжаться;чабак
пец;добер;одетка;баской
цыплятоцек;малехоный;переодевка;лопоть
колидора;всекима;поволочка;манахотье
лисница;большашшой;гунье;оболонка
моргофка;натолокчи;гунько;оболочка
цотырь;;дыроватки;обряд
сонцо;;латанина;одева
обыцный;;ломье;шофник
скацет;;скурье;покрута
откроетцть;;сряд;ратондра
угородечь;;обдергушка;решка
сейгот;;обдержка;снаряд
истить;;окоротыш;укутка
силосна;;отреп;гуня
яцмена;;отрепье;полохало
вопщий;;отрепка;понява
молоцна;;охомотье;ремок
ницевый;;ремошье;рямок
цто;;ремочный;ремуга
робенок;;ремушка;рендруха
вцер;;ремье;репак
гресь;;ремхи;репсы
ядрона;;рибушка;рибза
поспевавать;;рипсоватый;розный
цело;;рознехоньки;катанцы
нижать;;рямужина;катанец
пецька;;самоткань;рямок
севодень;;ханатье;рясуга
поистить;;хоботья;рясуха
перескоцить;;кафтануха;ханатина
крылецо;;кафтанушка;брикетка
крылецько;;кошулька;голанка
крылец;;сибирушка;коротеник
висяция;;пятишовка;кошуля
яцьмень;;семишовка;оползень
грядоцька;;пятишовочка;шугайчик
наземный;;базарка;дейша
звездоцька;;залокотник;таракашка
вечер;;привесы;светлота
овецек;;обручок;саврюськи
жоних;;наборочник;саврулинка
выцесало;;нашейник;лентари
большый;;закоска;корольки
однем;;бруслетка;артальни
такийя;;приталия;аржальни
назади;;смыться;аргамент
нижной;;своешитый;аржали
досадиласе;;своетканый;аграмант
намоциться;;своекатаный;растилисать
шашчыпать;;своевязаный;растилисанить
жырнов;;прорывенка;затепяга
варена;;утирка;брань
жывый;;утиральник;онучи
поднимец;;столешник;люпты
залозить;;списник;липты
крыльча;;спичник;головки
едной;;рушник;чушнуть
лежаноцка;;ручник;челочки
садяц;;рукотерник;пистон
штуцька;;испредина;головы
нутрено;;браный;чуны
лежний;;уледки;чуни
называйицца;;тюняк;чарочки
калефка;;тюнечки;фетрики
горяций;;приголяхи;уледи
крылецька;;полукатанки;тяптя
испецец;;подчунцы;тюни
улец;;обрезки;тоботы
заворацивало;;красик;тобоки
пець;;холщовка;крюк
цюлана;;шубница;коты
прыгуци;;суконка;кокорки
лежаноцька;;сукманка;шойда
мужык;;деревнюшка;хамочники
пшонный;;заулок;горочка
анбар;;мостки;дурава
житный;;мосточки;лавенки
жытной;;починочек;магазея
бежыть;;проулок;лицо
покаж;;улка;майдан
витко;;дворина;мост
капат;;дворица;население
откреться;;дворишко;повост
угороды;;дворище;порядовок
гленеца;;дворни;порядок
называлася;;домовище;починок
инаца;;задвор;пролог
покли;;задвори;разверть
положон;;задворик;улусы
тас;;задворица;паут
отсут;;задворки;зад
узнойо;;задворок;пестерь
конницечь;;задворье;кижать
вымьесть;;овинище;заук
потекать;;огуменник;межуглы
катця;;огуменок;овин
чернича;;одворица;пепелище
грутка;;подворье;печище
синцо;;удворина;передворье
игришша;;курный;план
привороцено;;домина;повыток
наессе;;домичек;пригривница
анбар;;домишко;удел
деушка;;домищо;бугра
здешна;;домок;будка
домоцек;;домочок;двойня
сестрицька;;поветная;двоежирный
валице;;куренек;двужильный
надбираецце;;курнуха;жира
перетрести;;охламина;житье
робята;;поземочка;баской
хотцы;;пятистенок;солныша
помешчались;;управить;шолныша
ноцевать;;управлять;двужилая
текет;;рубленка;кушная
салаш;;халупка;полешовная
крестиссе;;халупочка;лешобная
стоеть;;хибарка;суземная
шкап;;хоромина;казематка
висец;;шалашка;келья
сменелись;;верхотура;курень
кинать;;горенка;коровуля
потполок;;заборка;летник
половича;;заденка;двужирный
половицина;;задоски;прязница
мостовицина;;закутка;поземка
цють;;закуточек;станок
басте;;зауголок;урасиха
скусный;;заульник;уросеха
веницек;;лучина;уросить
пецюрка;;окосячка;халупа
ковды;;землянушка;холупа
полачка;;вехоть;хата
хлиб;;мостина;хибара
кирпиц;;мостисина;князек
дилать;;мостовина;шомуша
грить;;половичина;закут
усье;;половичинка;закуток
опецок;;потолочина;заплота
спицки;;дровяник;заул
цюгунок;;задвигають;латка
луцина;;печька;захап
луцце;;внучька;липина
шшепа;;кутний;голик
кострюля;;подпорожный;приуз
чигун;;прилубный;кичига
тюфайка;;прилубной;слега
здися;;божничка;охораток
залезной;;душничок;перевод
цело;;дымово;однополок
цугун;;дымница;пируб
пояснича;;отымалка;повал
опецок;;запечье;подполка
опецек;;заслонница;подполок
ноць;;заслонок;подпорог
оцаг;;затопочка;подпорожье
топеть;;карнизина;прилуб
коровай;;солонички;кашник
пецина;;приклад;прилубь
наботать;;подпечурочка;голбец
пеценка;;печечка;пропахать
пецурка;;лежаночка;совныша
пецюрка;;лежень;сомуша
рукавичи;;шубница;сутки
пецюрочка;;пазушки;байна
пецюроцька;;пекарка;лежать
снацяла;;перепечье;простокиша
налицники;;печина;копач
чугунник;;падина;текать
чигунник;;печища;глянец
рундучок;;времянка;рудный
рандучок;;местышко;испод
зымза;;печонка;кожух
зынза;;каменка;кошель
галдарея;;печурка;колпак
гендарея;;печурочка;корунок
гандарея;;печурок;конек
кандарея;;ярушничек;опечек
меземин;;наливушка;опечок
лисвица;;поддувало;ошесток
;;подтопочек;пазуха
;;подтопок;палатка
;;подшесток;пересоф
;;посторонка;целпан
;;посторонок;под
;;прикинка;ярушник
;;прикинывать;шаньга
;;прилавник;рогач
;;прилавок;ползун
;;прилавочек;постовина
;;припечек;прогари
;;припечье;прогоны
;;приступка;продух
;;приступочка;прокурить
;;подманчивая;салодашка
;;батожок;сошток
;;приступок;столбянка
;;приступочек;толкун
;;протипичье;хабараца
;;протипечье;халья
;;ростопа;хлопота
;;пятиуголка;холзун
;;промазь;челисник
;;самоварня;шаркун
;;скутать;шошок
;;срывать;веренец
;;ставник;воронец
;;стояк;горобец
;;ступешки;грядка
;;теплина;конник
;;топка;кобылинка
;;угарчивый;зыбка
;;устыть;отщеп
;;сронить;очап
;;вехоток;кукурюга
;;голбчик;оцеп
;;шкапной;привалок
;;заблюдник;приволок
;;заваленка;примосток
;;заваленок;примостки
;;конничек;хабарцы
;;лавица;чистяк
;;судница;верия
;;надлавозник;вышка
;;одлавочник;гребенки
;;одлавошник;западня
;;олавок;ильница
;;набайкивать;конурка
;;полатница;застовень
;;полатный;протись
;;полатцы;пятра
;;поличка;рундук
;;приблюдник;рандук
;;приблюдница;садник
;;примосточки;синек
;;боковуха;утолока
;;боковуша;бачего
;;боковушка;бердо
;;заднюха;беремя
;;заднюшечка;волосан
;;заднюшка;засторонок
;;задня;жаровец
;;зимовуха;бадель
;;зимуха;долонь
;;ветреница;жаровок
;;ветрянка;закоренок
;;взвоз;засети
;;взъезд;мары
;;задворка;мякина
;;заплотка;суслон
;;избица;порочка
;;избенца;рига
;;надворье;снели
;;надызбье;сусек
;;нахлевница;чернуга
;;одворье;черыня
;;погребушка;завор
;;погребушечка;вихлуса
;;погребица;киты
;;погребница;пожити
;;подвалина;вертлюг
;;подвалиц;стяг
;;подвалка;кокс
;;подвалье;шолнуша
;;подгреб;суткий
;;подгребица;суточный
;;кипелая;урасиловка
;;подпольник;шомноша
;;подпольница;разболочься
;;подсенник;шоменка
;;подсенье;щурник
;;подызбица;бита
;;подызбенница;боровок
;;поклет;бут
;;поклетчик;вепрь
;;предызбица;времянка
;;лесничек;вьюшка
;;сенки;гобчик
;;сенник;гозун
;;синницы;гулзун
;;ставенок;койка
;;ставень;дымник
;;съезд;дымолок
;;съездовичина;дымволок
;;загорода;жаратка
;;засадок;жараток
;;захлевок;пахать
;;захлевье;загнета
;;коровница;бувки
;;курятница;алабыши
;;метальница;шаять
;;овечник;стая
;;овчарник;задорга
;;перигорода;задорога
;;подруб;простыть
;;скотня;заклань
;;стайка;закрывка
;;телятник;западушина
;;хливчик;запечь
;;хлевец;зарадок
;;хлевина;зародок
;;хлевинка;засторонка
;;шалашок;
;;дедечка;
;;ставешок;
;;дымнечек;
;;каменица;
;;каменка;
;;каменца;
;;камеленка;
;;камница;
;;передбайник;
;;подбанник;
;;предбайник;
;;предбанница;
;;предбанье;
;;чернуха;
;;чернянка;
;;амбарушка;
;;амбарчик;
;;житница;
;;клетка;
;;клетушка;
;;ленник;
;;мякильница;
;;мякинница;
;;овинчик;
;;отруб;
;;падворок;
;;подвин;
;;подовинник;
;;подовинница;
;;подовинье;
;;прибаска;
;;вереленки;
;;верела;
;;верельни;
;;верельница;
;;вереюшки;
;;возгород;
;;козлуха;
;;заворина;
;;заворки;
;;заворница;
;;заворинка;
;;задворенка;
;;огороденко;
;;огорода;
;;огородец;
;;огорышек;
;;отводок;
;;переходинка;
;;переходни;
;;прислице;
;;россадник;
;;садовик;
;;садовинка;
;;садовник;
;;садчонко;
;;вертлюжок;
;;вертужок;
;;вертушка;
;;околенка;
;;окольница;
;;окнышко;
;;подоконок;
;;подокошек;
;;подокошечье;
;;заборка;
;;охлупок;
;;поточник;
;;полакованный;
;;хоромцы;
;;гонтина;
;;закладник;
;;окладка;
;;окладник;
;;пазник;
;;стропилить;
;;стропировка;
;;струбик;
;;тесина;
;;тесиночка;
;;тесница;
;;вареха;
;;варница;
;;едево;
;;еденье;
;;жарево;
;;жарега;
;;жвака;
;;лакомость;
;;лакомье;
;;одонки;
;;окуски;
;;опитки;
;;ополоски;
;;приварка;
;;приварок;
;;приварочка;
;;ветрялый;
;;едебный;
;;едевный;
;;едемный;
;;зажарный;
;;засохлый;
;;кислиться;
;;наедистый;
;;наедный;
;;осолеть;
;;осолиться;
;;поджарный;
;;подовой;
;;подяный;
;;потовой;
;;приотмякнуть;
;;скиснуться;
;;варьба;
;;доедывать;
;;живить;
;;заварначать;
;;закипливать;
;;заскать;
;;натропать;
;;натяпкать;
;;отоплять;
;;отстряпаться;
;;прижгать;
;;призаскать;
;;присыкать;
;;пропреть;
;;растеплить;
;;отстоловать;
;;голодовать;
;;едать;
;;жадать;
;;жерать;
;;жориться;
;;нажучиться;
;;чаить;
;;крупина;
;;крупчатка;
;;мешанка;
;;обдирка;
;;каравенка;
;;каравашек;
;;краюга;
;;чигуник;
